"Geschlecht","count","sum","norm"
"Women",24,5693,0.00421570349552081
"Men",18,9272,0.00194132873166523
