"Geschlecht","count","sum","norm"
"Women",53,6389,0.00829550790421036
"Men",30,9661,0.0031052686057344
