"Geschlecht","count","sum","norm"
"Women",48,4517,0.0106265220278946
"Men",27,5808,0.00464876033057851
