"Geschlecht","count","sum","norm"
"Women",53,6695,0.00791635548917102
"Men",30,10366,0.00289407678950415
