"Kategorie","count","sum","norm"
"Mittel-/Langstrecke",19,2618,0.00725744843391902
"Wurf",19,1721,0.011040092969204
"Sprint",12,2319,0.00517464424320828
"Gehen",9,1072,0.0083955223880597
"Staffellauf",9,1547,0.00581771170006464
"Sprung",8,1750,0.00457142857142857
"Straßenlauf",8,1487,0.00537995965030262
"Hürdenlauf",5,1071,0.00466853408029879
"Mehrkampf",2,580,0.00344827586206897
