"Geschlecht","count","sum","norm"
"Women",48,4543,0.0105657054809597
"Men",27,5858,0.00460908159781495
