"Jahr","count","sum","norm"
1976,1,1023,0.000977517106549365
1984,4,1292,0.00309597523219814
1988,1,1634,0.000611995104039168
1992,4,1741,0.00229753015508329
1996,7,2074,0.00337512054001929
2000,4,2148,0.00186219739292365
2004,14,2012,0.00695825049701789
2008,7,2071,0.00338000965717045
2012,41,2096,0.0195610687022901
