"Geschlecht","count","sum","norm"
"Women",49,4517,0.0108479079034758
"Men",27,5808,0.00464876033057851
