"Kategorie","count","sum","norm"
"Mittel-/Langstrecke",19,2153,0.00882489549465862
"Wurf",19,1277,0.0148786217697729
"Sprint",12,1713,0.00700525394045534
"Gehen",9,1072,0.0083955223880597
"Staffellauf",9,1535,0.00586319218241042
"Sprung",8,1379,0.00580130529369108
"Straßenlauf",8,1487,0.00537995965030262
"Hürdenlauf",5,802,0.00623441396508728
"Mehrkampf",2,585,0.00341880341880342
