"Geschlecht","count","sum","norm"
"Women",53,6790,0.00780559646539028
"Men",30,10063,0.0029812183245553
