"Kategorie","count","sum","norm"
"Mittel-/Langstrecke",19,3145,0.00604133545310016
"Wurf",19,2160,0.0087962962962963
"Sprint",12,2977,0.00403090359422237
"Gehen",9,1099,0.00818926296633303
"Staffellauf",9,2741,0.00328347318496899
"Sprung",8,2160,0.0037037037037037
"Straßenlauf",8,1535,0.00521172638436482
"Hürdenlauf",5,1350,0.0037037037037037
"Mehrkampf",2,639,0.00312989045383412
