"Geschlecht","count","sum","norm"
"Women",54,6647,0.00812396569881149
"Men",32,10267,0.00311678192266485
